email,password,phone number,display name,role,,,
ali@test.com,test123,+19157475000,Ali Abed,admin,,,
antonio@test.com,test123,+19157475001,Antonio Aguirre,admin,,,
peter@test.com,test123,+19157475002,Peter Brazas,admin,,,
armando@test.com,test123,+19157475003,Armando Cabrera,admin,,,
lorelyne@test.com,test123,+19157475004,Lorelyne Chavez,admin,,,
alyssandra@test.com,test123,+19157475005,Alyssandra Cordero,admin,,,
emiliano@test.com,test123,+19157475006,Emiliano De La Cruz,admin,,,
erick@test.com,test123,+19157475007,Erick Dominguez,admin,,,
denisse@test.com,test123,+19157475008,Denisse Fernandez,admin,,,
cody@test.com,test123,+19157475009,Cody Filby,admin,,,
julian@test.com,test123,+19157475010,Julian Franco,admin,,,
justus@test.com,test123,+19157475011,Justus Frausto,admin,,,
diana@test.com,test123,+19157475012,Diana Garcia,admin,,,
mauricio@test.com,test123,+19157475013,Mauricio Garcia Tovar,admin,,,
manuel@test.com,test123,+19157475014,Manuel Gutierrez,admin,,,
luis@test.com,test123,+19157475015,Luis Jimenez,admin,,,
victor@test.com,test123,+19157475016,Victor Juarez,admin,,,
michael@test.com,test123,+19157475017,Michael Kneeskern,admin,,,
scott@test.com,test123,+19157475018,Scott Ledford,admin,,,
dustyn@test.com,test123,+19157475019,Dustyn Loyda,admin,,,
jesus@test.com,test123,+19157475020,Jesus Macias,admin,,,
derrick@test.com,test123,+19157475021,Derrick Mapula,admin,,,
david@test.com,test123,+19157475022,David Mares,admin,,,
alan@test.com,test123,+19157475023,Alan Ochoa,admin,,,
kenneth@test.com,test123,+19157475024,Kenneth Okwunwanne,admin,,,
mauricio2@test.com,test123,+19157475025,Mauricio Ornelas-Gutierrez,admin,,,
cesar@test.com,test123,+19157475026,Cesar Padron,admin,,,
sebastian@test.com,test123,+19157475027,Sebastian Ramos,admin,,,
joshua@test.com,test123,+19157475028,Joshua Ramos,admin,,,
daniel2@test.com,test123,+19157475029,Daniel Rivera Estrada,admin,,,
ryan@test.com,test123,+19157475030,Ryan Rivero,admin,,,
alonso@test.com,test123,+19157475031,Alonso Rodarte,admin,,,
miguel@test.com,test123,+19157475032,Miguel Rodarte,admin,,,
dalton@test.com,test123,+19157475033,Dalton Stone,admin,,,
dillon@test.com,test123,+19157475034,Dillon Trinh,admin,,,
dario@test.com,test123,+19157475035,Dario Vazquez,admin,,,
jose@test.com,test123,+19157475036,Jose Vega,admin,,,
daniel@test.com,test123,+19157475037,Daniel Mejia,admin,,,
mickey@test.com,test123,+19157475038,Mickey Mouse,user,,,
donald@test.com,test123,+19157475039,Donald Duck,user,,,
minnie@test.com,test123,+19157475040,Minnie Mouse,user,,,
goofy@test.com,test123,+19157475041,Goofy Disney,user,,,
pluto@test.com,test123,+19157475042,Pluto Disney,user,,,
chip@test.com,test123,+19157475043,Chip Disney,user,,,
dale@test.com,test123,+19157475044,Dale Disney,user,,,
cinderella@test.com,test123,+19157475045,Cinderella Disney,user,,,
ariel@test.com,test123,+19157475046,Ariel Disney,user,,,
jasmine@test.com,test123,+19157475047,Jasmine Disney,user,,,
aladdin@test.com,test123,+19157475048,Aladdin Disney,user,,,
simba@test.com,test123,+19157475049,Simba Disney,user,,,
mufassa@test.com,test123,+19157475050,Mufassa Disney,user,,,
aurora@test.com,test123,+19157475051,Aurora Disney,user,,,
woody@test.com,test123,+19157475053,Woody Disney,user,,,
buzz@test.com,test123,+19157475054,Buzz Lightyear,user,,,
Harry@test.com,test123,+19157475054,Harry Styles,user,,,
Alan2@test.com,test123,+19157475055,Alan Garcia,user,,,
Diana2@test.com,test123,+19157475056,Diana Ochoa,user,,,
Gregorio@test.com,test123,+19157475057,Gregorio Ortega,user,,,
Jonathan2@test.com,test123,+19157475058,Jonathan Sigala,user,,,
Hermione@test.com,test123,+19157475059,Hermione Granger,user,,,
Ariana@test.com,test123,+19157475060,Ariana Grande,user,,,
Jack@test.com,test123,+19157475061,Jack Reacher,user,,,
Michael@test.com,test123,+19157475062,Michael Jackson,user,,,
Ashley@test.com,test123,+19157475063,Ashley Gilmore,user,,,
Chris@test.com,test123,+19157475064,Chris Evans,user,,,
Steve@test.com,test123,+19157475065,Steve Rogers,user,,,
Robert@test.com,test123,+19157475066,Robert Downey,user,,,
Tony@test.com,test123,+19157475067,Tony Stark,user,,,
James@test.com,test123,+19157475068,James Rhodes,user,,,
Hank@test.com,test123,+19157475069,Hank Pym,user,,,
Michael@test.com,test123,+19157475070,Michael Douglas,user,,,
Scott@test.com,test123,+19157475071,Scott Lang,user,,,
Bruce@test.com,test123,+19157475072,Bruce Banner,user,,,
Joe@test.com,test123,+19157475073,Joe Budden,user,,,
Tyrek@test.com,test123,+19157475074,Tyrek Mons,user,,,
Michael@test.com,test123,+19157475075,Michael Scott,user,,,
Jim@test.com,test123,+19157475076,Jim Halpert,user,,,
Tom@test.com,test123,+19157475077,Tom Holland,user,,,
Peter@test.com,test123,+19157475078,Peter Griffin,user,,,
Timothee@test.com,test123,+19157475079,Timothee Chalemet,user,,,
Jack@test.com,test123,+19157475080,Jack Skellington,user,,,
Tim@test.com,test123,+19157475081,Tim Jones,user,,,
Bob@test.com,test123,+19157475082,Bob McCartney,user,,,
Patrick@test.com,test123,+19157475083,Patrick Star,user,,,
Chuck@test.com,test123,+19157475084,Chuck Dylan,user,,,
Jesus@test.com,test123,+19157475085,Jesus Garcia,user,,,
Joni@test.com,test123,+19157475086,Joni Wonder,user,,,
Towne@test.com,test123,+19157475087,Towne Zandt,user,,,
Benny@test.com,test123,+19157475088,Benny Andersson,user,,,
Tom@test.com,test123,+19157475089,Tom Hall,user,,,
Bruce@test.com,test123,+19157475090,Bruce Wayne,Owner,,,
Barry@test.com,test123,+19157475091,Barry Allen,Manager,,,
Paul@test.com,test123,+19157475092,Paul Dano,Server,,,
Edward@test.com,test123,+19157475093,Edward Pattinson,Server,,,
Rick@test.com,test123,+19157475094,Rick Sanchez,Server,,,
Marshall@test.com,test123,+19157475095,Marshall Eriksen,Host,,,
Ted@test.com,test123,+19157475096,Ted Nicks,Manager,,,
Lily@test.com,test123,+19157475097,Lily Aldrin,Server,,,
Esther@test.com,test123,+19157475098,Esther Rodriguez,Supervisor,,,
Barney@test.com,test123,+19157475099,Barney Stinson,Server,,,
Barry@test.com,test123,+19157475100,Barry Simpson,Host,,,
Ivan@test.com,test123,+19157475101,Ivan Berry,Manager,,,
Tom@test.com,test123,+19157475102,Tom Waits,Server,,,
Kurt@test.com,test123,+19157475103,Kurt Cobain,Server,,,
William@test.com,test123,+19157475104,William Tell,Server,,,
Sean@test.com,test123,+19157475105,Sean Combs,Host,,,
Robin@test.com,test123,+19157475106,Robin Scherbatsky,Manager,,,
Stella@test.com,test123,+19157475107,Stella Zinman,Server,,,
Victoria@test.com,test123,+19157475108,Victoria Knowles,Supervisor,,,
George@test.com,test123,+19157475109,George Wallace,Server,,,
Jose2@test.com,test123,+19157475110,Jose Saldana,Host,,,
Niel@test.com,test123,+19157475111,Niel Mejia,Manager,,,
Mark2@test.com,test123,+19157475112,Mark Zuckerberg,Server,,,
Joel@test.com,test123,+19157475113,Joel Mchale,Server,,,
Danny@test.com,test123,+19157475114,Danny Pudi,Server,,,
Allison2@test.com,test123,+19157475115,Allison Brie,Host,,,
Britta@test.com,test123,+19157475116,Britta Perry,Manager,,,
Willie@test.com,test123,+19157475117,Willie Dixon,Server,,,
Bernie@test.com,test123,+19157475118,Bernie Taupin,Supervisor,,,
Barrett@test.com,test123,+19157475119,Barrett Strong,Server,,,
Abed@test.com,test123,+19157475120,Abed Nadir,Host,,,
Chevy@test.com,test123,+19157475121,Chevy Chase,Manager,,,
Troy@test.com,test123,+19157475122,Troy Barnes,Server,,,
Glover@test.com,test123,+19157475123,Donald Glover,Server,,,
Pierce@test.com,test123,+19157475124,Pierce Hawthorne,Server,,,
Craig@test.com,test123,+19157475125,CraigPelton,Host,,,
Yvette@test.com,test123,+19157475126,YvetteBrown,Manager,,,
Sly@test.com,test123,+19157475127,Sly Stone,Server,,,
David2@test.com,test123,+19157475128,David Bowie,Supervisor,,,
Dolly@test.com,test123,+19157475129,Dolly Parton,Server,,,
Albert@test.com,test123,+19157475130,Albert Greenfeld,Host,,,
Woody2@test.com,test123,+19157475131,Woody Gutherie,Manager,,,
William@test.com,test123,+19157475132,William Delos,Server,,,
Theodore@test.com,test123,+19157475133,Theodore Flood,Server,,,
Jack2@test.com,test123,+19157475134,Jack Black,Server,,,
Ken@test.com,test123,+19157475135,Ken Jeong,Host,,,
Shirley@test.com,test123,+19157475136,Shirley Jones,Manager,,,
Henry@test.com,test123,+19157475137,Henry Ford,Server,,,
Elsie@test.com,test123,+19157475138,Elsie Hughes,Supervisor,,,
Dolores@test.com,test123,+19157475139,Dolores Abernathy,Server,,,
Ellie@test.com,test123,+19157475140,Ellie GreenWich,Host,,,